Pages les plus populaires,Clics,Impressions,CTR,Position
https://www.jokosun.com/blog/tester-batterie-defectueuse,1174,20335,5.77%,9.08
https://www.jokosun.com/blog/cout-panneau-solaire-dakar,570,13565,4.2%,18.57
https://www.jokosun.com/blog/tester-pompe-immergee,428,6212,6.89%,5.55
https://www.jokosun.com/blog/recharger-compteur-woyofal,403,9090,4.43%,8.76
https://www.jokosun.com/sn/produits/kit-solaire-autonome-32,186,4576,4.06%,10.04
https://www.jokosun.com/blog/prix-chauffe-eau-senegal,161,4081,3.95%,14.62
https://www.jokosun.com/blog/nettoyage-pompe-immergee,148,2767,5.35%,8.2
https://www.jokosun.com/blog/amorcer-pompe-immergee,142,3353,4.24%,10.31
https://www.jokosun.com/blog/meilleures-pompes-solaires,141,3839,3.67%,18.02
https://www.jokosun.com/blog/astuces-chauffe-eau-solaire,126,2676,4.71%,10.79
https://www.jokosun.com/blog/comment-installer-pompe-solaire,108,6298,1.71%,19.11
https://www.jokosun.com/blog/hausse-tarifs-electricite-2023,106,3716,2.85%,9.77
https://www.jokosun.com/sn/produits/motopompe-solaire-ennos,102,2657,3.84%,13.28
https://www.jokosun.com/blog/composants-systeme-pompage-solaire,53,2051,2.58%,26.29
https://www.jokosun.com/blog/danger-cablage-batteries-parallele,47,2319,2.03%,10.77
https://www.jokosun.com/blog/rendement-panneau-solaire-300w,42,3217,1.31%,13.54
https://www.jokosun.com/blog/meilleur-onduleur-solaire-2023,40,2999,1.33%,37.37
https://www.jokosun.com/sn/categories/electricite-solaire,40,1914,2.09%,13.83
https://www.jokosun.com/blog/marques-pompe-eau,38,2276,1.67%,14.17
https://www.jokosun.com/blog/installer-pompe-immergee,37,5056,0.73%,23.56
https://www.jokosun.com/blog/connaitre-facture-fcfa,33,1074,3.07%,13.49
https://www.jokosun.com/blog/meilleur-regulateur-solaire,32,1255,2.55%,13.65
https://www.jokosun.com/sn/produits/kit-solaire-tv-42,32,1153,2.78%,15.42
https://www.jokosun.com/blog/risque-decharge-profonde-batterie,32,1002,3.19%,19.28
https://www.jokosun.com/blog/inconvenients-batteries-lithium,31,2333,1.33%,11.96
https://www.jokosun.com/blog/climatisation-solaire-prix-fonctionnement,26,2101,1.24%,30.67
https://www.jokosun.com/blog/avantages-pompe-eau-agriculture,25,2102,1.19%,18.27
https://www.jokosun.com/sn,25,531,4.71%,9.8
https://www.jokosun.com/blog/panneau-solaire-3000w,21,1911,1.1%,20.2
https://www.jokosun.com/blog/avantage-energie-solaire-senegal,20,1469,1.36%,19.12
https://www.jokosun.com/blog/batterie-12v-100ah,18,1391,1.29%,14.77
https://www.jokosun.com/blog/prix-batterie-solaire-senegal-2023,17,1050,1.62%,20.71
https://www.jokosun.com/blog/pompe-immergee-solaire,13,905,1.44%,39.82
https://www.jokosun.com/blog/pompe-relevage-panne,13,257,5.06%,17.33
https://www.jokosun.com/sn/produits/panneaux-410Wc-longi-solar,12,1382,0.87%,49.54
https://www.jokosun.com/blog/tester-batterie-solaire-h-s,12,494,2.43%,12.96
https://www.jokosun.com/blog/pompe-solaire-likou,12,230,5.22%,9.62
https://www.jokosun.com/blog/meilleur-panneau-plug-and-play,11,2695,0.41%,46.5
https://www.jokosun.com/blog/budget-panneau-solaire,11,915,1.2%,20.15
https://www.jokosun.com/blog,11,909,1.21%,25.97
https://www.jokosun.com/blog/dimensionnement-pompage-solaire,11,236,4.66%,19.86
https://www.jokosun.com/blog/congelation-aliments-temperature,10,3511,0.28%,15.1
https://www.jokosun.com/sn/produits/refrigerateur-congelateur-horizontal-260,10,461,2.17%,35.99
https://www.jokosun.com/blog/meilleur-paneau-solaire,10,371,2.7%,41.09
https://www.jokosun.com/blog/demonter-pompe-immergee,9,401,2.24%,15.56
https://www.jokosun.com/blog/inclinaison-panneau-solaire-orientation,8,3471,0.23%,74.24
https://www.jokosun.com/sn/produits/refrigerateur-congelateur-vertical-300,8,1093,0.73%,36.28
https://www.jokosun.com/sn/produits/chauffe-eau-solaire-non-pressurise,8,540,1.48%,42.07
https://www.jokosun.com/sn/produits/chauffe-eau-solaire-pressurise-200,7,506,1.38%,40.85
https://www.jokosun.com/blog/batterie-defectueuse,7,316,2.22%,30.53
https://www.jokosun.com/blog/fonctionnement-pompage-solaire,6,686,0.87%,24.03
https://www.jokosun.com/blog/guide-pompes-solaires,6,202,2.97%,34.2
https://www.jokosun.com/sn/categories/chauffe-eau-gravite,6,109,5.5%,19.83
https://www.jokosun.com/blog/chauffe-eau-solaire-200l,5,1662,0.3%,44.85
https://www.jokosun.com/blog/consommation-moyenne-kwh,5,834,0.6%,22.37
https://www.jokosun.com/sn/produits/refrigerateur-congelateur-vertical-200,5,730,0.68%,43.08
https://www.jokosun.com/blog/pompe-eau-solaire-agricole,5,392,1.28%,35.27
https://www.jokosun.com/sn/produits/batterie-51ah-olenergies,5,341,1.47%,26.45
https://www.jokosun.com/blog/guide-systemes-pompage-solaire,5,317,1.58%,38.86
https://www.jokosun.com/blog/conseils-astuces-automie-batteries-onduleurs,5,104,4.81%,24.93
https://www.jokosun.com/blog/rendement-panneau-solaire,4,5344,0.07%,59.19
https://www.jokosun.com/blog/chauffe-eau-solaire-300-litres-prix,4,1497,0.27%,23.28
https://www.jokosun.com/sn/produits/regulateur-solaire-20a-victron-energy,4,873,0.46%,27.4
https://www.jokosun.com/blog/comprendre-pompage-solaire-econ,4,465,0.86%,23.87
https://www.jokosun.com/sn/simulateur-woyofal,4,401,1%,36.8
https://www.jokosun.com/blog/subventions-installation-panneaux,4,18,22.22%,6
https://www.jokosun.com/blog/optimiser-inclinaison-panneaux,3,4247,0.07%,63.28
https://www.jokosun.com/blog/panneau-plug-and-play,3,2337,0.13%,69.99
https://www.jokosun.com/sn/produits/refrigerateur-congelateur-horizontal-180,3,912,0.33%,38.98
https://www.jokosun.com/blog/tout-savoir-clim-solaire,3,466,0.64%,56.12
https://www.jokosun.com/blog/augmenter-duree-batterie-solaire,3,321,0.93%,31.69
https://www.jokosun.com/blog/prix-installation-panneau-solaire-autoconsommation,3,218,1.38%,16.89
https://www.jokosun.com/sn/produits/refrigerateur-congelateur-horizontal-300,2,1060,0.19%,39.68
https://www.jokosun.com/blog/avantages-batteries-lithium,2,691,0.29%,35.84
https://www.jokosun.com/blog/importance-regulateur-solaire,2,557,0.36%,45.37
https://www.jokosun.com/blog/methodes-cablage-onduleur,2,359,0.56%,32.67
https://www.jokosun.com/sn/produits/chauffe-eau-solaire-pressurise-300,2,314,0.64%,55.38
https://www.jokosun.com/blog/comparison-olenergie-51ah-victron-220ah,2,179,1.12%,50.93
https://www.jokosun.com/sn/produits/kit-solaire-tv-24,2,152,1.32%,13.36
https://www.jokosun.com/blog/tehcnologie-solaire-2024,2,53,3.77%,8.85
https://www.jokosun.com/blog?_rsc=4fgdu,2,53,3.77%,22.21
https://www.jokosun.com/blog/reparer-thermostat,2,53,3.77%,26.38
https://www.jokosun.com/sn/produits/panneau-solaire-souple-solara-m-series-marine-70w,2,51,3.92%,35.18
https://www.jokosun.com/blog/chauffe-eau-solaire-thermodynamique-comment-choisir,1,1448,0.07%,60.53
https://www.jokosun.com/blog/fonctionnement-cellule-photovoltaique,1,1122,0.09%,30.22
https://www.jokosun.com/blog/temperature-congelateur,1,1042,0.1%,44.86
https://www.jokosun.com/blog/pompes-eau-solaire-agricole-prix,1,977,0.1%,22.03
https://www.jokosun.com/blog/prix-onduleur-solaire,1,888,0.11%,48.26
https://www.jokosun.com/sn/produits/refrigerateur-mobile,1,132,0.76%,25.3
https://www.jokosun.com/blog/choisir-kit-solaire-2023,1,117,0.85%,31.75
https://www.jokosun.com/sn/produits/onduleur-sunny-boy,1,93,1.08%,52.65
https://www.jokosun.com/sn/produits/kit-solaire,1,65,1.54%,6.05
https://www.jokosun.com/sn/categories/chauffe-eau-pression,1,40,2.5%,44.25
https://www.jokosun.com/sn/categories/devis-sur-mesure,1,25,4%,16.4
https://www.jokosun.com/blog/pompe-solaire-groundfos,1,22,4.55%,20.91
https://www.jokosun.com/blog/fonctionnement-chauffe-eau-dietrich,1,12,8.33%,27.25
https://www.jokosun.com/blog/solaire-autoconsommation-batterie,1,5,20%,38.6
https://www.jokosun.com/blog/subventions-installation-panneaux?_rsc=av6z3,1,4,25%,3.75
https://www.jokosun.com/sn/categories/autres-accessoires,1,4,25%,10
https://www.jokosun.com/blog/orientation-panneaux-solaires,0,3484,0%,66.16
https://www.jokosun.com/blog/investissement-rentable-panneaux-solaires,0,1033,0%,79.42
https://www.jokosun.com/blog/role-onduleur-solaire,0,891,0%,41.78
https://www.jokosun.com/blog/panneau-solaire-economie,0,704,0%,64.13
https://www.jokosun.com/blog/choisir-meilleur-panneau-solaire,0,551,0%,67.73
https://www.jokosun.com/blog/fonctionnement-panneaux-solaires,0,445,0%,73.4
https://www.jokosun.com/blog/fonctionnement-panneau-plug-and-play,0,408,0%,65.93
https://www.jokosun.com/blog/investir-chauffe-eau-solaire,0,300,0%,30.27
https://www.jokosun.com/blog/quel-rendement-panneau-solaire,0,298,0%,92
https://www.jokosun.com/blog/prix-chauffe-eau-solaire-300l,0,214,0%,46.4
https://www.jokosun.com/blog/guide-kit-solaire-autonome-24v-1000w,0,188,0%,54.38
https://www.jokosun.com/blog/tout-savoir-installation-panneau-solaire,0,143,0%,68.6
https://www.jokosun.com/sn/simulateur-energie-solaire,0,130,0%,53.78
https://www.jokosun.com/sn/categories/kitsolaire,0,113,0%,32.96
https://www.jokosun.com/blog/chauffe-eau-solaire-prix,0,92,0%,60.05
https://www.jokosun.com/sn/produits/panneau-solaire-back-contact-120w-12v,0,51,0%,78.71
https://www.jokosun.com/blog/batterie-maison-autonome,0,49,0%,21.1
https://www.jokosun.com/sn/categories/accessoires,0,48,0%,73.65
https://www.jokosun.com/blog/economies-energie-appareils,0,45,0%,67.82
https://www.jokosun.com/sn/produits/12v-110ah-batterie-agm-a-decharge-lente-victron,0,44,0%,69.7
https://www.jokosun.com/sn/produits/evaluation-expert-solaire-residentiel,0,43,0%,9.86
https://www.jokosun.com/sn/produits/shunt-1000a-50mv,0,41,0%,36.44
https://www.jokosun.com/blog/pompe-solaire-pedrollo,0,35,0%,58.46
https://www.jokosun.com/sn/produits/pompe-solaire-immergee-lorentz-s1-200-hr-07-3,0,34,0%,16.5
https://www.jokosun.com/sitemap-blog.xml,0,33,0%,39.76
https://www.jokosun.com/blog/meilleure-batterie-panneau,0,32,0%,36.94
https://www.jokosun.com/fr/produits/regulateur-solaire-20a-victron-energy,0,31,0%,51.9
https://www.jokosun.com/sn/produits/panneau-solaire-monocristallin-300w-60-cells,0,29,0%,51.93
https://www.jokosun.com/sn/categories/chauffe-eau,0,27,0%,57.26
https://www.jokosun.com/sn/produits/calcul-du-retour-sur-investissement-solaire,0,26,0%,28.5
https://www.jokosun.com/sn/produits/panneau-solaire-monocristallin-50w-24v,0,25,0%,49.44
https://www.jokosun.com/blog/jokosun-alternative-senelec,0,24,0%,24.33
https://www.jokosun.com/sn/produits/batterie-plomb-ouvert-exide-opzs-solar,0,22,0%,78
https://www.jokosun.com/sn/produits/panneau-solaire-pliable-bluetti-pv120,0,20,0%,62.1
https://www.jokosun.com/blog/quel-est-le-rendement-dun-panneau-solaire-monocristallin,0,19,0%,46.84
https://www.jokosun.com/sn/categories/panneau-solaire,0,18,0%,37.11
https://www.jokosun.com/sn/produits/panneau-solaire-monocristallin-200w-24v,0,18,0%,46.06
https://www.jokosun.com/sn/produits/onduleur-victron-phoenix-12-500-cable-2m,0,18,0%,82.67
https://www.jokosun.com/sn/produits/pompe-de-surface-shurflo-deluxe-light-2088-403-143,0,17,0%,25.35
https://www.jokosun.com/sn/produits/panneau-solaire-souple-solara-power-m-series-marine-125w,0,16,0%,35.56
https://www.jokosun.com/sn/produits/batterie-victron-etanche-gel-12v-130ah,0,15,0%,68.8
https://www.jokosun.com/blog/pourquoi-hausse-electricite,0,14,0%,22.07
https://www.jokosun.com/blog/conception-systemes-pompage-solaire,0,14,0%,26.36
https://www.jokosun.com/blog/autoconsommation-kitsolaire,0,14,0%,55.71
https://www.jokosun.com/sn/produits/panneau-solaire-monocristallin-slim-150w-12v,0,14,0%,79
https://www.jokosun.com/cout-panneau-solaire-dakar,0,13,0%,28.77
https://www.jokosun.com/sn/categories/kit-solaire-autonome,0,13,0%,43.15
https://www.jokosun.com/sn/produits/12v-38ah-batterie-agm-a-decharge-lente-victron,0,13,0%,44.15
https://www.jokosun.com/sn/produits/panneau-solaire-305w-20v-mono-series-4b-victron,0,13,0%,56.62
https://www.jokosun.com/fr/produits/12v-220ah-batterie-agm-a-decharge-lente-victron,0,13,0%,88.54
https://www.jokosun.com/sn/produits/pompe-solaire-immergee-shurflo-9325-083-101,0,12,0%,28.33
https://www.jokosun.com/fr/produits/refrigerateur-congelateur-horizontal-260,0,12,0%,63.08
https://www.jokosun.com/sn/produits/pompe-de-surface-shurflo-premium-5040-2301-h011,0,10,0%,22.4
https://www.jokosun.com/sn/produits/batterie-gel-plomb-carbone-12v-220ah,0,10,0%,67.3
https://www.jokosun.com/fr/produits/kit-solaire,0,9,0%,11.56
https://www.jokosun.com/sn/page/who-are-we,0,9,0%,27.11
https://www.jokosun.com/sn/produits/kit-pompe-solaire-immergee-pour-goutte-a-goutte-lorentz-50m,0,9,0%,51.56
https://www.jokosun.com/sn/produits/12v-14ah-batterie-agm-a-decharge-lente-victron,0,9,0%,55.11
https://www.jokosun.com/sn/produits/regulateur-solaire-steca-solarix-prs3030,0,8,0%,18.62
https://www.jokosun.com/sn/categories/offres-speciales,0,8,0%,21.5
https://www.jokosun.com/blog/pompe-solaire-lorentz,0,8,0%,27.5
https://www.jokosun.com/sn/produits/12v-22ah-batterie-agm-a-decharge-lente-victron,0,8,0%,73.88
https://www.jokosun.com/sn/categories/onduleurs,0,7,0%,19.86
https://www.jokosun.com/sn/produits/batterie-solaire-gel-sonnenschein-opzv,0,7,0%,28.43
https://www.jokosun.com/sn/produits/regulateur-solaire-steca-solsum-0606,0,7,0%,32.29
https://www.jokosun.com/sn/produits/pompe-de-surface-lorentz-psk2-15,0,7,0%,34
https://www.jokosun.com/sn/categories/refrigerateurs-congelateurs,0,7,0%,34.57
https://www.jokosun.com/fr/produits/batterie-51ah-olenergies,0,7,0%,41.14
https://www.jokosun.com/fr/produits/panneau-solaire-monocristallin-300w-60-cells,0,7,0%,51.14
https://www.jokosun.com/coming-soon,0,6,0%,22.33
https://www.jokosun.com/sn/produits/pompe-de-surface-shurflo-5050-2301-g011,0,6,0%,29.33
https://www.jokosun.com/sitemap-products.xml,0,6,0%,30
https://www.jokosun.com/sn/produits/kit-pompe-solaire-immergee-pour-abreuvoir-shurflo-70m,0,6,0%,35.33
https://www.jokosun.com/sn/produits/pompe-de-surface-lorentz-ps2-4000,0,6,0%,39.5
https://www.jokosun.com/sn/produits/panneau-solaire-monocristallin-victron-20w,0,6,0%,39.67
https://www.jokosun.com/sn/produits/regulateur-solaire-steca-solsum-4040-usb,0,6,0%,49.5
https://www.jokosun.com/sn/produits/panneau-solaire-monocristallin-victron-30w,0,6,0%,61.67
https://www.jokosun.com/sn/financement,0,5,0%,14.2
https://www.jokosun.com/sn/produits/pompe-immergee-lorentz-psk2-7,0,5,0%,29
https://www.jokosun.com/sn/produits/panneau-solaire-portable-14w-usb,0,5,0%,32.2
https://www.jokosun.com/sn/produits/regulateur-mppt-smartsolar-victron-75-15-75v,0,5,0%,42.4
https://www.jokosun.com/sn/produits/pompe-immergee-lorentz-psk2-40,0,5,0%,43
https://www.jokosun.com/sn/produits/panneau-solaire-monocristallin-victron-215w,0,5,0%,55.8
https://www.jokosun.com/sn/produits/regulateur-mppt-bluesolar-victron-100-20-100v,0,5,0%,60
https://www.jokosun.com/fr/produits/panneau-solaire-monocristallin-slim-150w-12v,0,5,0%,60.6
https://www.jokosun.com/sn/produits/cacahuete,0,4,0%,29.25
https://www.jokosun.com/sn/produits/batterie-solaire-gel-sonnenschein-sb12-100a,0,4,0%,36.75
https://www.jokosun.com/sn/produits/smartsolar-mppt-150-60-tr-victron,0,4,0%,60.25
https://www.jokosun.com/sn/produits/regulateur-solaire-steca-solsum-2525-usb,0,4,0%,60.5
https://www.jokosun.com/fr/produits/12v-60ah-batterie-agm-a-decharge-lente-victron,0,4,0%,62.5
https://www.jokosun.com/sn/produits/batterie-victron-etanche-gel-12v-165ah,0,4,0%,85
https://www.jokosun.com/sn/produits/12v-220ah-batterie-agm-a-decharge-lente-victron,0,4,0%,97.75
https://unleash.jokosun.com/,0,3,0%,5.33
https://www.jokosun.com/sn/produits/phoenix-inverter-12-1600-230v-smart-victron,0,3,0%,10.33
https://www.jokosun.com/sn/produits/phoenix-inverter-12-2000-230v-smart-victron,0,3,0%,16.33
https://www.jokosun.com/sn/produits/smartsolar-mppt-150-100-tr-ve-can-victron,0,3,0%,16.33
https://www.jokosun.com/sn/categories/batteries,0,3,0%,16.67
https://www.jokosun.com/fr/produits/chauffe-eau-solaire-non-pressurise,0,3,0%,35.67
https://www.jokosun.com/sn/produits/pompe-immergee-lorentz-psk2-15,0,3,0%,37.33
https://www.jokosun.com/sn/produits/pompe-de-surface-shurflo-premium-5030-2201-a010,0,3,0%,40.33
https://www.jokosun.com/blog/prix-batterie-lithium-solaire,0,3,0%,48.67
https://www.jokosun.com/sn/produits/12v-60ah-batterie-agm-a-decharge-lente-victron,0,3,0%,62.33
https://www.jokosun.com/sn/produits/regulateur-solaire-steca-solarix-2525-lcd-usb,0,3,0%,64.33
https://www.jokosun.com/sn/produits/phoenix-inverter-24-5000-230v-smart-victron,0,3,0%,70.67
https://www.jokosun.com/sn/produits/batterie-solaire-gel-etanche-ultracell-12v-200ah,0,3,0%,82.33
https://www.jokosun.com/fr/search,0,2,0%,4.5
https://www.jokosun.com/fr/produits/evaluation-expert-solaire-residentiel,0,2,0%,6
https://www.jokosun.com/sn/page/cgv,0,2,0%,12.5
https://www.jokosun.com/sn/produits/regulateur-solaire-steca-pr3030-lcd,0,2,0%,20
https://www.jokosun.com/sn/produits/batterie-solaire-gel-sonnenschein-sb12-60a,0,2,0%,33
https://www.jokosun.com/sn/produits/phoenix-inverter-24-1600-230v-smart-victron,0,2,0%,35
https://www.jokosun.com/fr/produits/evaluation-expert-solaire-commercial,0,2,0%,39
https://www.jokosun.com/sn/produits/panneau-solaire-portable-ecoflow-110w,0,2,0%,45.5
https://www.jokosun.com/sn/produits/bluesolar-mppt-150-70-tr-victron,0,2,0%,52.5
https://www.jokosun.com/blog/amorcer-pompe-immergee?_rsc=1jrje,0,2,0%,72
https://www.jokosun.com/sn/produits/regulateur-victron-bluesolar-light-20a,0,2,0%,74
https://www.jokosun.com/sn/produits/12v-165ah-batterie-agm-a-decharge-lente-victron,0,2,0%,93
https://www.jokosun.com/sn/financement/onduleur-sunny-boy,0,1,0%,2
https://www.jokosun.com/fr/categories/batteries,0,1,0%,6
https://www.jokosun.com/sn/produits/panneau-solaire-monocristallin-victron-90w,0,1,0%,7
https://www.jokosun.com/sn/produits/regulateur-mppt-smartsolar-victron-150-35-150v,0,1,0%,9
https://www.jokosun.com/sn/produits/surpresseur-24-litres-equipe-shurflo-12v,0,1,0%,21
https://www.jokosun.com/blog?_rsc=amwp7,0,1,0%,24
https://www.jokosun.com/sn/produits/kit-pompage-solaire-immerge-shurflo-goutte-a-goutte-sans-pression-250m2,0,1,0%,26
https://www.jokosun.com/fr/categories/kit-solaire-autonome?channel=fr&slug=kit-solaire-autonome,0,1,0%,28
https://www.jokosun.com/sn/produits/regulateur-victron-smartsolar-mppt-150-45-150v,0,1,0%,28
https://www.jokosun.com/fr/categories/pompe-immergee-solaire-reserve-puits-forage?channel=fr&slug=pompe-immergee-solaire-reserve-puits-forage,0,1,0%,42
https://www.jokosun.com/sn/produits/batterie-victron-etanche-gel-12v-265ah,0,1,0%,42
https://www.jokosun.com/sn/produits/regulateur-solaire-steca-solarix-4040-lcd-usb,0,1,0%,50
https://www.jokosun.com/sn/produits/lifepo4-battery-128v-160ah-smart-victron,0,1,0%,52
https://www.jokosun.com/fr/produits/12v-165ah-batterie-agm-a-decharge-lente-victron,0,1,0%,65
https://www.jokosun.com/blog/choisir-panneaux-solaires-agriculture,0,1,0%,73
https://www.jokosun.com/sn/produits/pompe-de-surface-shurflo-deluxe-2088-474-144,0,1,0%,73
https://www.jokosun.com/fr/produits/12v-38ah-batterie-agm-a-decharge-lente-victron,0,1,0%,77
https://www.jokosun.com/partagez-jokosun/categories/chauffe-eau-pression,0,1,0%,87
https://www.jokosun.com/sn/produits/regulateur-mppt-smartsolar-victron-100-50-100v,0,1,0%,88
https://www.jokosun.com/sn/produits/regulateur-victron-bluesolar-lcd-20a,0,1,0%,89
https://www.jokosun.com/sn/produits/regulateur-victron-bluesolar-light-10a,0,1,0%,89
https://www.jokosun.com/sn/produits/regulateur-victron-bluesolar-pro-10a,0,1,0%,90
https://www.jokosun.com/sn/produits/regulateur-mppt-smartsolar-victron-100-15-100v,0,1,0%,91
https://www.jokosun.com/fr/categories/autres,0,1,0%,95
https://www.jokosun.com/sn/produits/onduleur-victron-phoenix-12-800-ve-direct-schuko,0,1,0%,96