Requêtes les plus fréquentes,Clics,Impressions,CTR,Position
pourquoi ma batterie neuve se décharge,274,2700,10.15%,2.52
comment recharger woyofal,99,622,15.92%,4.66
batterie neuve qui se décharge,92,859,10.71%,2.06
panneau solaire 500w prix dakar sénégal,43,309,13.92%,2.94
motopompe solaire,31,489,6.34%,2.15
recharger woyofal,31,144,21.53%,3.35
danger batterie en parallèle,28,1827,1.53%,7.78
chauffe eau solaire,26,900,2.89%,8.51
kit transformation ballon électrique en chauffe-eau solaire,23,934,2.46%,8.22
jokosun,21,201,10.45%,2.81
panneau solaire 300w prix sénégal,20,331,6.04%,1.9
chauffe eau solaire dakar,20,238,8.4%,4.85
chauffe eau solaire senegal,19,226,8.41%,3.84
panneau solaire senegal,18,306,5.88%,6.49
panneau solaire prix dakar,18,186,9.68%,2.19
panneau solaire sénégal prix,18,154,11.69%,2.5
transformer chauffe eau electrique en solaire,18,91,19.78%,3.44
moto pompe solaire,17,380,4.47%,2.86
panneau solaire prix,17,243,7%,4.45
recharge woyofal par wave,17,240,7.08%,5.08
batterie voiture neuve qui se décharge,17,94,18.09%,2.8
amorcer pompe immergée,15,172,8.72%,2.98
que peut-on alimenter avec un panneau solaire 3000w,14,1304,1.07%,15.91
panneau solaire dakar,13,221,5.88%,5.35
tarif woyofal 2023,13,218,5.96%,5.81
calcul facture senelec,13,172,7.56%,1.72
batterie neuve se decharge,13,102,12.75%,2.48
que peut-on alimenter avec un panneau solaire 300w,12,1159,1.04%,7.04
prix panneau solaire sénégal,11,234,4.7%,3.34
recharge woyofal,11,182,6.04%,5.77
panneau solaire prix sénégal,11,166,6.63%,3.15
woyofal,10,1086,0.92%,12.83
prix kwh woyofal sénégal 2023,10,280,3.57%,6.28
batterie neuve déchargée,10,203,4.93%,5.31
nouveau tarif woyofal,10,69,14.49%,4.61
comment recharger woyofal avec wave,10,64,15.62%,3.69
tarif woyofal,9,399,2.26%,6.25
batterie neuve qui se décharge en une nuit,9,214,4.21%,7.84
kit solaire senegal,9,145,6.21%,3.92
prix panneau solaire au senegal,9,72,12.5%,4.15
comment recharger un compteur woyofal,9,47,19.15%,4.45
woyofal tarif,8,147,5.44%,4.77
entretien pompe immergée,8,57,14.04%,3
pourquoi une batterie neuve se décharge,8,52,15.38%,1.04
woyofal comment recharger,8,21,38.1%,2.71
kit solaire pour tv,7,142,4.93%,2.86
batterie neuve hs,7,72,9.72%,4.64
pompe à eau solaire agricole,6,580,1.03%,12
motopompe solaire pour irrigation,6,219,2.74%,3.61
prix panneau solaire dakar,6,161,3.73%,1.51
prix panneau solaire,6,66,9.09%,7.7
nettoyage pompe immergée,6,65,9.23%,3.54
comment amorcer une pompe immergée,6,58,10.34%,1.78
batterie neuve qui se décharge à l'arrêt,6,30,20%,3.67
panneau solaire,5,885,0.56%,9.48
prix chauffe-eau solaire 300 litres,5,757,0.66%,18.93
onduleur solaire,5,434,1.15%,11.29
kit solaire pour maison sénégal,5,390,1.28%,7.91
combien de panneau solaire pour alimenter un climatiseur,5,139,3.6%,13.88
chauffe-eau solaire dakar,5,130,3.85%,4.18
panneau solaire sénégal,5,114,4.39%,4.32
quelle est la meilleure marque de pompe immergée ?,5,84,5.95%,6.67
une batterie neuve peut elle se déchargée,5,75,6.67%,2.8
batterie de voiture qui se décharge,5,68,7.35%,9.59
comment tester une pompe immergée,5,45,11.11%,1
transformer un ballon d'eau chaude,4,344,1.16%,3.01
motopompe solaire prix,4,189,2.12%,5.01
panneau solaire au sénégal,4,118,3.39%,3.29
prix du kwh au sénégal woyofal 2023,4,98,4.08%,5.01
batterie neuve non utilisée,4,63,6.35%,2
recharger woyofal en ligne,4,61,6.56%,5.34
batterie neuve qui ne tient pas la charge,4,59,6.78%,6.46
onduleur solaire prix sénégal,4,41,9.76%,13.61
recharger compteur woyofal,4,28,14.29%,4.89
batterie samsung neuve ne tient pas la charge,4,18,22.22%,2
batterie lithium-ion avantages inconvénients,3,593,0.51%,9.95
solaire senegal,3,324,0.93%,14.94
réfrigérateur horizontal,3,180,1.67%,17
quelle est la meilleure marque de pompe immergée,3,178,1.69%,6.87
inconvénient batterie lithium,3,170,1.76%,8.39
panneaux solaires sénégal,3,157,1.91%,5.87
motopompe pour irrigation sénégal,3,145,2.07%,4.23
olenergies,3,140,2.14%,21.58
kit solaire dakar,3,127,2.36%,5.11
solaire dakar,3,118,2.54%,8.16
batterie voiture se decharge,3,118,2.54%,11.05
pompe solaire likou,3,114,2.63%,8.75
onduleur solaire sénégal,3,102,2.94%,7.7
garantie batterie voiture,3,98,3.06%,2.1
woyofal prix,3,96,3.12%,7.42
quel puissance panneau solaire pour recharger batterie 12v 100ah ?,3,96,3.12%,10.07
comment tester une pompe immergée 380v,3,90,3.33%,6.46
installation pompe solaire immergée,3,83,3.61%,7.28
likou solar pump,3,65,4.62%,8.65
iphone batterie neuve se décharge très vite,3,64,4.69%,2.03
likou pompe solaire,3,52,5.77%,8.81
les composants d'un système de pompage solaire,3,50,6%,3.5
est-ce qu'une batterie neuve peut se décharger,3,40,7.5%,1.07
ma batterie neuve se decharge,3,40,7.5%,2.65
comment payer woyofal avec wave,3,21,14.29%,5.9
comment recharger woyofal par wave,3,13,23.08%,1.46
ma pompe immergée ne fonctionne plus,3,7,42.86%,2
quel panneau solaire pour recharger batterie 12v 100ah,2,410,0.49%,11.12
télévision solaire,2,391,0.51%,8.4
congélateur solaire 300 litres,2,209,0.96%,8.16
calcul inclinaison panneau solaire en fonction de la latitude,2,206,0.97%,28.2
chauffe-eau solaire 200 litres prix,2,180,1.11%,37.05
en combien de temps un congélateur atteint sa température,2,177,1.13%,16.69
tarif woyofal senelec,2,166,1.2%,6.77
woyofal prix du kwh,2,130,1.54%,16.27
panneau solaire pour alimenter tv,2,124,1.61%,4.6
installation panneau solaire,2,124,1.61%,41.41
quel est le rendement d'un panneau solaire de 300w ?,2,123,1.63%,6.93
prix batterie solaire sénégal,2,116,1.72%,11.85
télé solaire,2,113,1.77%,9.96
simulateur woyofal,2,103,1.94%,6.12
installation pompe immergée,2,99,2.02%,11.01
kit chauffe-eau solaire 200 litres,2,88,2.27%,23.01
installation pompe solaire,2,85,2.35%,6.88
cause panne pompe immergée,2,79,2.53%,7.57
chauffe-eau solaire sénégal prix,2,77,2.6%,1.68
pompe likou,2,73,2.74%,10.4
asaman pompe,2,71,2.82%,6.82
pompe solaire senegal,2,68,2.94%,9.46
batterie solaire prix,2,64,3.12%,25.33
température de congélation,2,63,3.17%,18.08
chauffe-eau solaire,2,51,3.92%,11.18
climatiseur solaire prix dakar,2,44,4.55%,13.64
woyofal recharge,2,37,5.41%,7.05
chauffe-eau solaire prix dakar,2,36,5.56%,3
تركيب الطاقة الشمسية للابار,2,34,5.88%,7.56
panneaux solaires prix,2,31,6.45%,4.9
téléviseur solaire,2,31,6.45%,8.55
réparation pompe immergée,2,30,6.67%,18.53
prix d'un panneau solaire,2,19,10.53%,4.11
batterie neuve qui se decharge,2,18,11.11%,1.39
garantie batterie,2,16,12.5%,2
solaire pour maison,2,15,13.33%,12.73
amorcer une pompe immergée,2,13,15.38%,1.38
recharge woyofal orange money,2,11,18.18%,5.73
pompe immergée problème pression,2,7,28.57%,9.86
sump pompe fonctionnement,2,4,50%,2
pompe immergée faible débit,2,4,50%,2.5
compteur woyofal,1,317,0.32%,7.7
energie solaire senegal,1,255,0.39%,15.92
panneaux solaires plug and play,1,242,0.41%,80.81
chauffe eau solaire 200l,1,216,0.46%,52
climatisation solaire prix,1,180,0.56%,31.97
calcul inclinaison panneau solaire,1,168,0.6%,59.2
pompe solaire pour puits,1,163,0.61%,23.28
panneaux solaires,1,160,0.62%,8.76
quel puissance panneau solaire pour recharger batterie 12v 100ah,1,151,0.66%,11.26
service client woyofal,1,148,0.68%,18.84
tv solaire,1,142,0.7%,8.2
code woyofal,1,135,0.74%,9.2
comment entrer le code woyofal,1,124,0.81%,7.29
meilleur regulateur solaire,1,124,0.81%,10.45
panneau solaire pour télévision,1,123,0.81%,7.29
comment nettoyer une pompe à eau,1,117,0.85%,9.02
numéro woyofal service client,1,115,0.87%,17.12
likou,1,114,0.88%,8.49
pompe a eau solaire puit,1,111,0.9%,17.72
pompe a eau solaire pour puit,1,107,0.93%,20.54
la batterie de ma voiture se décharge,1,102,0.98%,9.52
batterie solaire dakar,1,94,1.06%,16.2
prix kwh woyofal,1,94,1.06%,18.22
comment amorcer une pompe à eau,1,93,1.08%,10.59
meilleur pompe immergée,1,91,1.1%,14.14
panneau solaire prix senegal,1,90,1.11%,2.57
chauffe eau solaire pressurisé,1,90,1.11%,9.99
joko sun,1,89,1.12%,3.3
installation solaire,1,89,1.12%,14.6
prix du kwh au sénégal woyofal,1,87,1.15%,5.59
chauffe eau dakar prix,1,87,1.15%,10.2
brancher pompe sur panneau solaire,1,87,1.15%,14.4
quels sont les inconvénients du lithium ?,1,86,1.16%,7.23
comment savoir si une batterie est morte ou déchargée,1,86,1.16%,26.99
chauffe-eau solaire 200l,1,80,1.25%,41.36
pompe solaire immergée,1,79,1.27%,61.85
panneau solaire plug and play avec batterie,1,78,1.28%,52.69
batterie lithium-ion inconvénients,1,77,1.3%,10.1
prix chauffe-eau solaire 200 litres,1,77,1.3%,41.27
panneau solaire plug and play 1000w,1,73,1.37%,65.29
comment tester une batterie solaire,1,72,1.39%,8.97
batterie qui se décharge voiture,1,70,1.43%,7.59
la pompe immergée,1,70,1.43%,23.03
les codes woyofal,1,68,1.47%,12.09
amorcage pompe de puit,1,67,1.49%,33.9
alimenter tv avec batterie,1,65,1.54%,9.97
pompe immergée fonctionnement,1,65,1.54%,38.57
amorcer une pompe à eau,1,64,1.56%,9.83
811 woyofal,1,56,1.79%,13.04
batterie voiture,1,51,1.96%,4.39
meilleur marque de pompe a eau,1,51,1.96%,8.1
a quelle temperature congeler les aliments,1,51,1.96%,10.33
entretien pompe à eau,1,48,2.08%,9.5
branchement chauffe-eau solaire sur cumulus,1,47,2.13%,50.96
pompe immergée,1,45,2.22%,8.82
pompe immergée solaire prix sénégal,1,45,2.22%,14.8
numéro compteur woyofal combien de chiffre,1,44,2.27%,8.93
ma batterie de voiture se décharge,1,43,2.33%,8.63
kit solaire prix sénégal,1,42,2.38%,10
tarifs woyofal,1,38,2.63%,6
batterie neuve ne tient pas la charge,1,37,2.7%,5.97
tester pompe immergée 220v,1,37,2.7%,6.95
chauffe eau solaire prix,1,36,2.78%,43.5
pompe à eau solaire pour puit,1,32,3.12%,18.75
température congelation aliments,1,31,3.23%,11.74
probleme batterie voiture qui se decharge,1,29,3.45%,8.76
les types de pompe solaire,1,29,3.45%,9.07
pompe solaire sénégal,1,29,3.45%,9.69
comment tester une pompe à eau,1,29,3.45%,11.55
compteur woyofal vide,1,29,3.45%,11.86
panneau solaire pour tv,1,27,3.7%,6.56
pompe solaire hybride likou,1,27,3.7%,10.63
décharge profonde batterie lithium,1,27,3.7%,11.56
congélateur vertical dakar,1,27,3.7%,19.52
chauffe-eau solaire prix,1,26,3.85%,9.65
télévision solaire sénégal,1,25,4%,8.8
combien de temps peut on stocker une batterie neuve,1,25,4%,9.04
batterie lithium inconvénients,1,25,4%,9.64
motopompe agricole,1,25,4%,26
batterie neuve defectueuse,1,24,4.17%,3.25
prix woyofal,1,24,4.17%,7.46
asaman solar pump,1,24,4.17%,10.88
installation de pompe immergée,1,23,4.35%,9.7
décharge profonde batterie lithium-ion,1,23,4.35%,11.39
batterie lithium avantage inconvénient,1,21,4.76%,11.19
woyofal 811,1,21,4.76%,13
pourquoi une batterie de voiture se décharge,1,20,5%,15.2
combien coute un panneau solaire,1,20,5%,54
pourquoi ma pompe immergée ne s'amorce pas,1,19,5.26%,2
tension batterie neuve,1,19,5.26%,15.74
batterie voiture complètement déchargée,1,19,5.26%,61.47
prix régulateur solaire au sénégal,1,17,5.88%,14.18
pourquoi la batterie de ma voiture se décharge,1,17,5.88%,14.24
énergie solaire dakar,1,17,5.88%,15.24
comment nettoyer une pompe de relevage,1,17,5.88%,31.94
prix chauffe eau solaire,1,16,6.25%,29.44
amorcer pompe de relevage,1,15,6.67%,6.73
amorcer une pompe de relevage,1,15,6.67%,8.67
pourquoi ma batterie,1,15,6.67%,10.47
amorcer pompe a eau,1,14,7.14%,11.71
pourquoi ma batterie se décharge vite,1,14,7.14%,18.14
décharge profonde batterie,1,14,7.14%,27.86
chauffe eau solaire prix dakar,1,13,7.69%,2.92
pompe immergée automatique,1,13,7.69%,3.69
prix panneaux solaires,1,13,7.69%,5.08
comment connaitre son numero de compteur woyofal,1,13,7.69%,8.54
ma pompe immergée fait disjoncter mon compteur,1,12,8.33%,2
pompe guinard immergée,1,12,8.33%,2.5
comment mettre le code woyofal,1,12,8.33%,5.67
batterie neuve qui ne fonctionne pas,1,12,8.33%,7.83
marque de pompe,1,12,8.33%,16.08
installation forage,1,12,8.33%,42.67
woyofal tranche,1,11,9.09%,7.55
amorcer pompe vide cave,1,10,10%,2
batterie qui se decharge,1,10,10%,7.8
plaque solaire pour maison,1,10,10%,11.1
dimensionnement pompage solaire,1,10,10%,34.7
batterie lithium trop déchargée,1,10,10%,37
téléphone neuf batterie vide,1,9,11.11%,2
dimensionnement pompe solaire,1,9,11.11%,10.56
pourquoi une batterie se décharge,1,9,11.11%,11.22
batterie neuve voiture,1,9,11.11%,58
pompe immergée 220v,1,8,12.5%,4.62
comment tester une pompe de relevage,1,8,12.5%,5.5
fiche technique pompe immergée pedrollo,1,8,12.5%,6.12
batterie lithium avantages inconvénients,1,8,12.5%,9.38
frigo solaire dakar,1,8,12.5%,15.12
climatiseur solaire sénégal,1,8,12.5%,17.88
frigo solaire prix sénégal,1,8,12.5%,21.88
panneau solaire 300w,1,8,12.5%,40.38
combien de temps peut on stocker une batterie neuve de voiture,1,7,14.29%,2
compteur woyofal bloqué,1,7,14.29%,2
batterie ne tient pas la charge,1,7,14.29%,3.43
fonctionnement d'une pompe immergée,1,7,14.29%,6
panneaux solaires dakar,1,7,14.29%,7.14
fonctionnement pompe immergée,1,7,14.29%,7.43
durée batterie voiture,1,6,16.67%,2
durée de vie d'une batterie non utilisée,1,6,16.67%,2
einhell pompe immergée,1,6,16.67%,2.83
vue éclatée pompe immergée,1,6,16.67%,2.83
pompe à eau immergée,1,6,16.67%,4.33
numero compteur woyofal,1,6,16.67%,9.17
comment reparer une pompe à eau,1,6,16.67%,20.67
jetly pompe immergée,1,5,20%,2.6
que peut on alimenter avec un panneau solaire 300w,1,5,20%,6.6
panneau solaire television,1,5,20%,8.2
doit on charger une batterie neuve de voiture,1,5,20%,29.6
woyofal 10000,1,5,20%,32
calcul de rendement panneaux photovoltaique,1,5,20%,42.4
comment réamorcer une pompe,1,5,20%,43
batterie neuve telephone qui se décharge vite,1,4,25%,2
batterie telephone neuve se decharge vite,1,4,25%,2
pompe wilo immergée,1,4,25%,2.25
norauto batterie,1,4,25%,2.5
renault clio 5 problème batterie,1,4,25%,2.75
comment tester une pompe immergée triphasé,1,4,25%,8.25
olénergies,1,4,25%,16.75
régulateur 24v,1,4,25%,23
meilleur micro onduleur solaire 2023,1,4,25%,36
pompe submersible fonctionnement,1,4,25%,45.75
pompe solaire de surface,1,4,25%,60.25
pompe immergée ne fonctionne plus,1,3,33.33%,2
moteur immergée,1,3,33.33%,4.33
quoi alimenter avec un panneau solaire,1,3,33.33%,23.33
fonctionnement pompe submersible,1,3,33.33%,25.33
pompe de relevage en panne,1,3,33.33%,26
huile diélectrique pompe immergée,1,2,50%,2
panne pompe immergée,1,2,50%,2
pompe cave automatique,1,2,50%,2
pompe de relevage fait disjoncter,1,2,50%,2
pompe immergée grundfos prix,1,2,50%,2
pompe immergée spido,1,2,50%,2
pompe vide cave tourne mais n'aspire pas,1,2,50%,2
changer pompe à eau immergée camping-car,1,2,50%,3
boitier de démarrage pompe immergée,1,2,50%,4.5
pompe immergée 2 chevaux prix maroc,1,2,50%,4.5
prix d un panneau solaire,1,2,50%,5
pompe de forage,1,2,50%,9
panneau solaire pour puit,1,2,50%,11.5
chauffe eau senegal,1,2,50%,21.5
panneaux photovoltaïques longi,1,2,50%,81
apple watch neuve ne tient pas la charge,1,1,100%,2
batterie 70ah 720a norauto,1,1,100%,2
batterie lenovo ideapad,1,1,100%,2
comment brancher une pompe immergée en direct,1,1,100%,2
comment débloquer une pompe de gavage,1,1,100%,2
comment tester batterie voiture avec multimetre,1,1,100%,2
contrôleur de charge solaire fonctionnement,1,1,100%,2
est-ce qu'une batterie de voiture est garantie,1,1,100%,2
fixation batterie voiture,1,1,100%,2
protection pompe immergée,1,1,100%,2
qu'est ce qui peut décharger une batterie de voiture,1,1,100%,2
quelle batterie pour dacia sandero diesel ?,1,1,100%,2
quelle tension pour une batterie 12v,1,1,100%,2
remplacement batterie hybride lexus,1,1,100%,2
scenic batterie,1,1,100%,2
temps de garantie batterie voiture,1,1,100%,2
bobinage pompe immergée,1,1,100%,3
pompe immergée marque italienne au maroc,1,1,100%,3
best deep well pump brands,1,1,100%,4
pompe immergée pleuger,1,1,100%,4
schéma installation pompe immergée,1,1,100%,4
chauffe eau solaire a pression,1,1,100%,6
calpeda pompe immergée,1,1,100%,7
combien coute une batterie pour panneau solaire,1,1,100%,7
pompe immergée pedrollo prix,1,1,100%,8
catalogue pompe immergée pdf,1,1,100%,9
prix chauffe-eau solaire 150 litres,1,1,100%,11
cause batterie déchargée,1,1,100%,26
inclinaison panneau solaire,0,1290,0%,67.93
orientation panneau solaire,0,1045,0%,63.53
prix panneau solaire pour maison 150m2,0,810,0%,73.67
prix d'un panneau solaire de 300w,0,673,0%,16.23
meilleur kit solaire plug and play,0,593,0%,47.34
la température conseillée de congélation des aliments,0,527,0%,6.16
chauffe eau solaire ou thermodynamique,0,507,0%,43.79
chauffe eau solaire thermodynamique,0,422,0%,74.62
prix panneau solaire pour maison 200m2,0,389,0%,58.99
meilleur orientation panneau solaire,0,379,0%,60.14
les meilleurs panneaux solaires,0,353,0%,67.2
pompe à eau solaire agricole prix,0,342,0%,14
prix chauffe eau solaire 300 litres,0,342,0%,33.71
panneau solaire plug and play,0,324,0%,71.43
calcul rendement panneau solaire,0,323,0%,48.02
position panneau solaire,0,303,0%,87.29
inclinaison panneaux solaires,0,300,0%,67.73
climatiseur solaire,0,272,0%,45.54
rendement d un panneau photovoltaique,0,263,0%,61.96
systèmes de pompage,0,259,0%,21.27
comment fonctionnent les panneaux solaires,0,257,0%,67.35
température conseillée de congélation des aliments,0,252,0%,8.2
comparatif panneau solaire plug and play,0,251,0%,44.04
rendement panneau photovoltaique calcul,0,251,0%,53
quelle est la température conseillée de congélation des aliments,0,249,0%,8.46
meilleur onduleur photovoltaique,0,236,0%,36.97
calculer rentabilité panneau solaire,0,232,0%,62.47
combien produit un panneau solaire de 300w,0,229,0%,10.52
chauffe eau solaire 200 litres prix,0,228,0%,48.39
pompe solaire,0,227,0%,57.92
meilleur onduleur solaire,0,224,0%,38.43
rendement d un panneau photovoltaïque,0,224,0%,63.47
woyofal service client,0,221,0%,19.43
inclinaison panneau solaire saison,0,220,0%,62.28
batterie voiture qui se décharge,0,209,0%,8.97
que peut on alimenter avec un panneau solaire 3000w,0,209,0%,15.16
inclinaison idéale panneau solaire,0,209,0%,54.41
calcul orientation panneau solaire,0,200,0%,80.19
angle panneau solaire,0,189,0%,85.61
système de pompage,0,186,0%,19.06
comment calculer panneau solaire,0,180,0%,56.97
orienter panneau solaire,0,180,0%,71.29
plug and play installation,0,178,0%,79.1
orientation des panneaux solaires,0,174,0%,68.16
panneau solaire investissement,0,172,0%,74.47
panneau solaire rendement,0,171,0%,90.46
classement bloomberg panneaux solaires,0,170,0%,65.89
calcul rendement panneau solaire photovoltaique,0,169,0%,56.13
module panneau photovoltaique longisolar,0,164,0%,68.97
comment fonctionne une cellule photovoltaïque,0,163,0%,29.87
système inclinaison panneau solaire,0,162,0%,87.09
prix chauffe eau solaire 200 litres,0,161,0%,50.75
panneau solaire inclinaison,0,161,0%,74.23
longi solar,0,160,0%,65.44
comparatif kit solaire plug and play,0,158,0%,34.28
combien de panneau solaire pour une maison de 200m2,0,158,0%,60.09
rendement d un panneau solaire,0,158,0%,65.97
onduleur huawei ou sma,0,158,0%,75.97
comment recharger woyofal sans courant,0,157,0%,8.59
kit chauffe eau solaire 200l,0,157,0%,28.6
congelateur solaire,0,157,0%,56.71
panneau solaire orientation,0,157,0%,75.29
ma batterie de voiture se décharge vite,0,156,0%,8.19
calcul rendement panneau photovoltaique,0,154,0%,47.53
panneaux solaire plug and play,0,154,0%,79.74
solaire,0,152,0%,25.21
prix chauffe-eau sénégal,0,151,0%,6.54
climatisation solaire,0,150,0%,78.05
inclinaison panneau solaire en fonction de la latitude,0,149,0%,38.21
panneau photovoltaique rendement,0,149,0%,81.71
avantages batterie lithium,0,147,0%,29.58
calculer le rendement d'un panneau photovoltaique,0,145,0%,40.96
prix installation solaire senegal,0,143,0%,2.51
onduleur sma ou huawei,0,143,0%,71.98
module photovoltaique longisolar,0,142,0%,75.69
orientation panneau,0,142,0%,81.35
temperature congelateur,0,140,0%,60.5
inclinaison panneau solaire latitude,0,139,0%,58.22
les panneaux solaires sont ils rentables,0,139,0%,79.01
comment installer une pompe solaire,0,138,0%,7.38
pompe a eau solaire agricole,0,137,0%,21.4
économie d énergie panneaux photovoltaïques,0,137,0%,64.14
comment installer une pompe immergée dans un puits,0,135,0%,11.7
panneau solaire orienté nord,0,135,0%,77.24
prix pompe solaire au sénégal,0,133,0%,15.71
cablage onduleur,0,133,0%,20.95
comparatif beem sunology,0,133,0%,47.46
tv batterie alimenté,0,133,0%,47.74
inclinaison optimale panneau photovoltaique,0,132,0%,61.85
systeme inclinaison panneau solaire,0,132,0%,87.02
kit chauffe eau solaire 300l,0,131,0%,66.77
quelle est la meilleure marque de pompe à eau ?,0,129,0%,8.15
rendement panneau solaire,0,128,0%,102.41
meilleur onduleur pour panneau photovoltaique,0,127,0%,51.52
kit solaire aps de ja solar,0,125,0%,40.58
pompe agricole,0,125,0%,70.37
rendement panneau solaire formule,0,124,0%,60.77
pompes solaires pour puits,0,123,0%,26.51
kit chauffe eau solaire,0,122,0%,90.54
economie energie solaire,0,121,0%,74.62
meilleur panneau solaire plug and play,0,120,0%,32.04
orientation plaque solaire,0,117,0%,82.44
meilleur onduleur,0,116,0%,77.66
classement bloomberg panneau solaire,0,115,0%,66.01
inclinaison panneau photovoltaique,0,114,0%,70.06
onduleur sma prix,0,114,0%,86.57
combien de panneau solaire pour une maison de 150m2,0,111,0%,66.09
meilleur inclinaison panneau solaire,0,111,0%,94.68
prix chauffe eau dakar,0,110,0%,10.06
calculer le rendement d un panneau photovoltaique,0,107,0%,48.53
simulateur kit solaire,0,107,0%,55.06
installation de forage,0,106,0%,44.36
prix onduleur panneau solaire,0,106,0%,70.28
refrigerateur horizontal,0,105,0%,19.78
meilleur onduleur solaire 2023,0,104,0%,20.96
onduleur sma ou fronius,0,104,0%,60.75
comparatif kit solaire autoconsommation,0,104,0%,62.31
pompe de puit solaire,0,103,0%,25.5
durée de vie onduleur sma,0,103,0%,62.51
panneau solaire ja solar 410 wc monocristallin,0,102,0%,44.72
climatisation solaire thermique,0,102,0%,50.24
fonctionnement cellule photovoltaique,0,102,0%,50.48
prix chauffe-eau solaire 200l,0,102,0%,55.36
orientation panneaux solaires,0,102,0%,68.02
régulateur solaire,0,101,0%,10.23
chauffe eau dakar,0,101,0%,19.95
meilleur panneau solaire,0,101,0%,62.61
tv autonome,0,100,0%,9.63
panneau solaire 300w prix,0,100,0%,62.61
panneaux solaire,0,99,0%,10.76
pompe puit solaire,0,99,0%,27.86
congélateur solaire,0,99,0%,58.38
comment calculer le rendement d'un panneau solaire,0,97,0%,41.69
energie solaire,0,97,0%,49.88
panneau solaire pour pompe puit,0,96,0%,18.39
panneau solaire photovoltaique longisolar,0,96,0%,66.44
quand on fait des pompes au senegal,0,95,0%,8.05
onduleur domestique,0,95,0%,69.93
television solaire,0,94,0%,10.41
investir dans des panneaux solaires,0,94,0%,84.82
la temperature conseillée de congelation des aliments,0,93,0%,7.11
chauffe eau prix dakar,0,93,0%,9.3
climatisation panneau solaire,0,93,0%,47.4
comment activer un compteur woyofal,0,92,0%,7.98
télévision avec panneau solaire,0,91,0%,6.68
panneau photovoltaique plug and play,0,91,0%,82.38
cout panneau solaire m2,0,91,0%,88.2
batterie solaire prix sénégal,0,90,0%,11.63
formule rendement panneau solaire,0,90,0%,38.59
kit transformation ballon électrique en chauffe eau solaire,0,89,0%,8.35
énergie solaire sénégal,0,89,0%,17.46
kit chauffe-eau solaire 300 litres,0,89,0%,47.92
plug-and-play installation,0,89,0%,65.92
refrigerateur 300l,0,89,0%,66.62
regulateur solaire,0,88,0%,13.72
alimenter une clim avec des panneaux solaires,0,88,0%,18.24
réfrigérateur congélateur 200 litres,0,88,0%,24.74
amorçage pompe,0,88,0%,33.03
comment fonctionne un panneau solaire,0,88,0%,92.12
300 wc en watt,0,87,0%,9.08
chauffe-eau solaire sun compact,0,87,0%,51.62
panneau phovoltaique longisolar,0,87,0%,70.39
prix chauffe eau senegal,0,86,0%,4.91
installation pompe immergee,0,86,0%,14.4
prix du kilowatt au sénégal,0,86,0%,59.43
pompe agriculture,0,86,0%,78.2
onduleur solaire fonctionnement,0,86,0%,79.69
puissance congélateur 300l,0,85,0%,63.36
chauffe eau thermodynamique solaire,0,85,0%,87.35
comment installer pompe solaire,0,84,0%,6.99
puit solaire,0,84,0%,7.73
pompe solaire puit,0,84,0%,21.9
alimenter une pompe avec un panneau solaire,0,84,0%,43.76
classement bloomberg photovoltaique,0,84,0%,71.42
inclinaison d un panneau solaire,0,84,0%,71.88
montage pompe immergee puits,0,83,0%,13.35
pompe immergée puits installation,0,83,0%,14.05
meilleur régulateur solaire,0,83,0%,15.16
calculer le rendement d'un panneau solaire,0,83,0%,36.29
rendement d'un panneau photovoltaïque calcul,0,83,0%,45
prix kwh senegal,0,83,0%,45.49
calculer rendement panneau solaire,0,83,0%,49.06
choisir kit solaire 2023,0,82,0%,15.44
pompe solaire agricole,0,82,0%,17.9
tester batterie defectueuse,0,82,0%,20.33
comment calculer rendement panneau photovoltaique,0,82,0%,40.96
système plug and play,0,82,0%,66.62
orientation panneaux photovoltaique,0,82,0%,73.07
panneau solaire pour alimenter un climatiseur,0,81,0%,30.56
réfrigérateur 300 litres,0,81,0%,57.7
prix d un panneau solaire de 300w,0,81,0%,64.9
panneau solaire pour alimenter une pompe,0,81,0%,67.2
orientation panneaux photovoltaïques,0,81,0%,70.84
l installation de panneaux solaires est elle rentable,0,81,0%,92.26
que peut-on alimenter avec un panneau solaire 3000 w,0,80,0%,18.5
réamorcer une pompe de puits,0,80,0%,22.75
calcul rendement panneau solaire photovoltaïque formule,0,80,0%,42.26
rendement panneau photovoltaïque calcul,0,80,0%,51.11
panneau solaire pour pompe a eau immergée,0,80,0%,61.75
energie solaire dakar,0,79,0%,9.47
les composants d un systeme photovoltaique,0,79,0%,33.35
chauffe eau solaire sun compact,0,79,0%,52.01
congélateur panneau solaire,0,79,0%,63.22
panneau solaire 300w dakar,0,78,0%,2.22
frigidaire horizontal,0,78,0%,26.92
comment calculer le rendement d'un panneau photovoltaique,0,78,0%,31.77
kit solaire 1000w,0,78,0%,69.85
panneau solaire orientation ouest,0,78,0%,75.83
photovoltaique orientation,0,78,0%,83.91
connaitre facture fcfa,0,77,0%,1
comment amorcer une pompe de relevage,0,77,0%,8.9
réfrigérateur congélateur horizontal,0,77,0%,18.19
pompe à eau solaire agr,0,77,0%,18.77
role onduleur solaire,0,77,0%,22.39
comment calculer le rendement des panneaux photovoltaiques,0,77,0%,36.75
pompe a eau solaire pour irrigation,0,77,0%,48.96
comment marche une cellule photovoltaique,0,77,0%,56.48
panneau solaire 3000w,0,77,0%,78.1
cout panneau solaire dakar,0,76,0%,1.63
calcul rendement panneaux solaires,0,76,0%,50.76
sun compact chauffe eau solaire,0,76,0%,52
prix batterie solaire senegal 2023,0,75,0%,1.11
avantages pompe eau agriculture,0,75,0%,1.88
kit solaire prix senegal,0,75,0%,8.89
importance regulateur solaire,0,75,0%,11.68
pompe immergee installation,0,75,0%,13.27
role d'un onduleur,0,75,0%,28.89
réfrigérateur congélateur 300l,0,75,0%,33.87
meilleure onduleur marque,0,75,0%,53.55
avantage des panneaux solaires plug & play,0,75,0%,68.75
danger batterie en série,0,74,0%,10.05
montage d une pompe de puits,0,74,0%,16.15
investir chauffe eau solaire,0,74,0%,21.19
pompe de puit avec panneau solaire,0,74,0%,21.99
sun compact chauffe-eau solaire,0,74,0%,50.54
longi logo,0,74,0%,56.34
composants systeme pompage solaire,0,73,0%,1.23
logo victron,0,73,0%,23.96
comment amorcer une pompe,0,73,0%,23.97
vente de matériel solaire,0,73,0%,52.99
température congélateur,0,73,0%,57.74
pompe immergee solaire,0,73,0%,64.77
prix installation solaire dakar,0,72,0%,1.68
avantage energie solaire senegal,0,72,0%,1.72
astuces chauffe eau solaire,0,72,0%,3.35
pompe a eau pour puit solaire,0,72,0%,26.32
pompe irrigation agricole solaire,0,72,0%,31.42
meilleur onduleur photovoltaïque,0,72,0%,37.67
chauffe eau solaire 200 litres,0,72,0%,46.25
réfrigérateur 200 litres,0,72,0%,62.12
longi 410 wc,0,71,0%,13.83
comment amorcer une motopompe,0,71,0%,25.28
orientation idéale panneaux photovoltaiques,0,71,0%,61.58
quelle inclinaison panneau solaire,0,71,0%,81.03
amorçage d une pompe,0,70,0%,15.57
amorcage pompe puit,0,70,0%,25.11
augmenter duree batterie solaire,0,70,0%,27.61
climatisation energie solaire,0,70,0%,46.01
kit chauffe eau solaire 300 litres,0,70,0%,48.49
pompe a eau solaire,0,70,0%,70.94
panneau solaire pour pompe immergée,0,70,0%,75.41
pompe panneau solaire,0,70,0%,77.5
refrigerateur 200l,0,70,0%,81.07
panneau photovoltaique 300 watts,0,70,0%,87.09
comprendre pompage solaire econ,0,69,0%,1.1
fonctionnement systeme pompage,0,69,0%,9.3
numéro service client woyofal,0,69,0%,23.28
avantages batteries lithium,0,69,0%,24.3
puissance congélateur 200l,0,69,0%,73.51
inconvenients batteries lithium,0,68,0%,8.62
tarif senelec 2023,0,68,0%,9.21
consommation woyofal,0,68,0%,11.78
batterie voiture qui se décharge vite,0,68,0%,12.15
fonctionnement pompage solaire,0,68,0%,13.41
branchement pompe immergée puit,0,68,0%,26.84
longi solar logo,0,68,0%,55.75
sma sunny boy 1.5,0,68,0%,61.66
meilleure orientation panneaux solaires,0,68,0%,62.07
logo woyofal,0,67,0%,6.75
longi solar 410 wc,0,67,0%,14.66
refrigerateur congelateur 300l,0,67,0%,35.04
climatisation solaire par absorption,0,67,0%,41.57
chauffe-eau solaire 300 litres,0,67,0%,45.28
puissance congelateur 300l,0,67,0%,70.58
prix du kwh woyofal,0,66,0%,25.52
investissement panneau solaire,0,66,0%,89.92
réfrigérateur combiné 200 litres,0,65,0%,23.83
pompe immergée solaire,0,65,0%,62.72
kit solaire,0,64,0%,13.38
vision jokosun,0,63,0%,15.51
solaire et économies d'énergie,0,63,0%,58.95
avantages des panneaux solaires plug & play,0,63,0%,65.25
panneau solaire économie d'énergie,0,63,0%,73
panneau solaire 250w prix,0,62,0%,14.68
branchement pompe de puit,0,62,0%,37.87
réfrigérateur vertical,0,62,0%,53.34
inclinaison et orientation des panneaux solaires,0,62,0%,56.73
clim solaire,0,62,0%,61.87
pump solaire,0,61,0%,40.26
installation pompe puit pour maison,0,61,0%,41.7
calcul rendement installation photovoltaique,0,61,0%,57.92
meilleure exposition panneaux solaires,0,61,0%,63.54
réfrigérateur 300l,0,61,0%,80.85
pompe solaire puit profond,0,60,0%,32.65
chauffe-eau solaire ou thermodynamique,0,60,0%,42.78
avantage panneau solaire plug and play,0,60,0%,67.23
temperature conseillée pour la congelation des aliments,0,59,0%,7.76
économie d'énergie solaire,0,59,0%,48.46
orientation panneau photovoltaique,0,59,0%,72.54
batterie lithium ion décharge profonde,0,58,0%,34.98
onduleur role,0,58,0%,35.12
pompes à énergie solaire,0,58,0%,52.81
rendement panneau photovoltaique,0,58,0%,76.57
top pompe immergée,0,57,0%,39.96
onduleur solaire prix,0,57,0%,43.65
chauffe eau solaire et thermodynamique,0,57,0%,49.23
calcul panneaux solaires,0,57,0%,86.49
amorcage pompe de surface,0,56,0%,17.93
senelec prix kwh,0,56,0%,21.84
durée de vie batterie montre solaire,0,56,0%,31.64
qu est-ce qu une pompe immergée,0,56,0%,62.79
sunology dimensions,0,56,0%,76.77
kit chauffe eau solaire prix,0,56,0%,84.46
prix onduleur,0,56,0%,88.73
regulateur pwm,0,55,0%,50.84
limiteur de tension pour installations solaires,0,55,0%,76.35
panneau solaire photovoltaique rendement,0,55,0%,76.84
pourquoi ma batterie de voiture ne se recharge pas,0,55,0%,81.33
frigo 300l,0,55,0%,81.93
comment installer une pompe immergée,0,54,0%,11.07
congélation température,0,54,0%,21.63
régulateur solaire victron,0,54,0%,69.3
réfrigérateur 300 l,0,54,0%,83.09
role onduleur,0,53,0%,38.06
fonctionnement panneau plug and play,0,53,0%,50.4
chauffe eau thermodynamique ou solaire,0,53,0%,60.13
refrigerateur 300 litres,0,53,0%,60.47
chauffe-eau solaire thermodynamique,0,53,0%,71.98
panneau solaire plug and play fonctionnement,0,52,0%,50.42
pompe irrigation solaire,0,52,0%,62.85
la vérité sur les panneaux solaires,0,52,0%,69.56
kit chauffe-eau solaire prix,0,52,0%,84.23
installation pompe à eau pour puit,0,51,0%,14.12
temperature conseillée de congelation des aliments,0,50,0%,9.46
installation de puits,0,50,0%,44.32
inclinaison optimale panneau solaire,0,50,0%,63.6
chauffe eau solaire 300l,0,50,0%,73.9
beon panneau solaire,0,50,0%,83.96
photovoltaique plug and play,0,50,0%,88.28
prix onduleur photovoltaïque,0,49,0%,32.88
orientation panneaux solaires photovoltaiques,0,49,0%,75.47
meilleur marque pompe a eau,0,48,0%,8.25
pourquoi ma batterie se décharge sans utilisation,0,48,0%,9.15
credit urgence woyofal,0,48,0%,10.75
kit chauffe eau solaire 200 litres,0,48,0%,25.48
panneau solaire pour pompe a eau,0,48,0%,43.73
chauffe-eau solaire 50 litres prix,0,48,0%,64.75
avantages panneau solaire plug & play,0,48,0%,75.23
production panneau solaire 300w,0,47,0%,7.98
quelle température pour congeler aliments,0,47,0%,10.04
kit chauffe-eau solaire 200l,0,47,0%,26.66
comment savoir si une batterie est morte,0,47,0%,38.94
budget panneau solaire,0,47,0%,39.26
frigo horizontal,0,47,0%,48
economie d'énergie panneaux photovoltaiques,0,47,0%,69.66
panneau solaire meilleur rendement,0,47,0%,86.43
comment installer pompe immergée dans un puits,0,46,0%,9.33
prix remplacement onduleur photovoltaïque,0,46,0%,34.37
pompe immergée panneau solaire,0,46,0%,66.26
panneaux photovoltaïques plug and play,0,46,0%,87.28
prix onduleur photovoltaique,0,45,0%,31.13
service client senelec woyofal,0,45,0%,33.36
pompage solaire,0,45,0%,48.38
orientation idéale panneau solaire,0,45,0%,53.04
onduleur sma 3kw prix,0,45,0%,64.33
refrigerateur vertical,0,45,0%,71.24
calcul panneaux solaires photovoltaiques,0,45,0%,86.56
combien coute des panneaux solaires pour une maison,0,45,0%,91.73
batterie solaire lithium,0,45,0%,96.11
comment recharger code woyofal,0,44,0%,7.14
congélateur solaire 300l,0,44,0%,8.77
pourquoi ma batterie de voiture se décharge vite,0,44,0%,11.34
amorcer une pompe,0,44,0%,15.27
meilleur panneaux solaires,0,44,0%,61.43
batterie alimenté tvs,0,44,0%,64.68
grille tarifaire woyofal,0,43,0%,6.3
congélateur solaire sénégal,0,43,0%,45.16
regulateur panneau solaire,0,43,0%,87.05
woyofal crédit d'urgence,0,42,0%,10.33
prix kwh sénégal 2023,0,42,0%,13.4
inclinaison panneau solaire au sol,0,42,0%,63.98
panneau solaire pompe immergée,0,42,0%,69.29
a quoi sert un onduleur pour panneau solaire,0,42,0%,72.19
pompe immergée avec panneau solaire,0,42,0%,73.05
calcul de rentabilite des panneaux photovoltaique,0,42,0%,73.17
numéro compteur woyofal,0,41,0%,10.12
pente idéale panneau solaire,0,41,0%,37.49
entretien pompe,0,41,0%,55.9
investissement panneaux solaires,0,41,0%,85.24
prix batterie lithium pour panneau solaire,0,41,0%,94.2
250 kwh prix sénégal,0,40,0%,13.43
température de congélation des aliments,0,40,0%,16.68
numéro woyofal,0,40,0%,17.75
comment savoir si la batterie est morte,0,40,0%,56.55
angle optimal panneau solaire,0,40,0%,60.88
la verite sur les panneaux solaires,0,40,0%,75.8
quel puissance panneau solaire pour batterie 100ah,0,39,0%,15.21
comparatif panneaux solaires plug and play,0,39,0%,31.56
est ce que joko est fiable,0,39,0%,50.38
pompe a eau energie solaire,0,39,0%,53.82
panneau solaire orientation nord,0,39,0%,74.38
inconvenient panneau photovoltaïque plug and play,0,38,0%,57.11
prix d un onduleur,0,38,0%,57.68
pompe immergée puit,0,38,0%,61.47
comment choisir sa pompe immergée,0,38,0%,81.26
eau solaire thermodynamique,0,38,0%,83.39
comment installer une pompe immergée dans un forage,0,37,0%,10.97
onduleur photovoltaique prix,0,37,0%,31.49
panneaux solaires plug and play comparatif,0,37,0%,31.65
quelle inclinaison pour les panneaux solaires,0,37,0%,35.65
durée de vie batterie solaire,0,37,0%,42.24
meilleure pompe submersible,0,37,0%,45.43
le plug and play c'est quoi,0,37,0%,66.57
installation d'une pompe immergée,0,36,0%,10.67
température idéale congélateur,0,36,0%,52.44
regulateur victron,0,36,0%,64.22
tarif onduleur,0,36,0%,78.58
rendement moyen panneau photovoltaique,0,36,0%,87.47
pompe immergée hybride likou,0,35,0%,9.29
installation pompe puit,0,35,0%,18.43
role onduleur panneau solaire,0,35,0%,18.71
congélateur horizontal,0,35,0%,21.37
batterie solaire plug and play,0,35,0%,65.91
rendement photovoltaique monocristallin,0,35,0%,71.89
pompe immergee,0,35,0%,92.69
comment charger le code woyofal,0,34,0%,8.68
pompe immergée prix sénégal,0,34,0%,13.97
ennos,0,34,0%,46.74
pompe eau panneau solaire,0,34,0%,51.76
angle idéal panneau solaire,0,34,0%,60.35
plug and play panneau solaire,0,34,0%,79.74
pompe immergée puits,0,33,0%,38.12
régulateur pwm,0,33,0%,46.58
avantage panneau solaire plug & play,0,33,0%,64.52
congelateur horizontale,0,33,0%,69.58
batterie victron 220ah,0,33,0%,82.58
panneau photovoltaïque plug and play,0,33,0%,83.55
température congélation,0,32,0%,29.72
prix onduleur solaire,0,32,0%,35.81
panneau solaire plug and play batterie,0,32,0%,50.22
calcul rendement photovoltaique,0,32,0%,58.12
pompe à eau solaire,0,32,0%,67.69
durée de vie batterie panneau solaire,0,32,0%,69.97
pompe solaire immergee,0,32,0%,73.72
investissement panneaux solaires simulation,0,32,0%,77.47
la batterie de ma voiture se decharge vite,0,31,0%,9.1
installation pompage d’eau retrofit,0,31,0%,13.58
congélateur 180 litres,0,31,0%,18.61
pompe solaire puits,0,31,0%,20.77
pompes solaires,0,31,0%,39.94
kits solaires,0,31,0%,44.9
est-ce rentable d'installer des panneaux solaires,0,31,0%,67.68
panneau photovoltaique orientation,0,31,0%,68.9
pompe arrosage solaire,0,31,0%,69.35
meilleur marque pompe immergée pour puit,0,30,0%,9.23
énergie solaire,0,30,0%,38.5
batterie à décharge profonde,0,30,0%,58.77
economie panneau solaire,0,30,0%,67.23
installations de pompage,0,30,0%,74.43
pompe asaman,0,29,0%,6.52
installation de pompe solaire,0,29,0%,8.21
batterie auto qui se decharge,0,29,0%,8.69
meilleur régulateur mppt,0,29,0%,11.21
kit pompe à eau solaire pour puit,0,29,0%,22.79
température idéale frigo et congélateur,0,29,0%,28.72
consommation congélateur 300l,0,29,0%,39.48
batterie décharge profonde,0,29,0%,44.03
panneau solaire pour climatiseur,0,29,0%,56.48
combien coûte un panneau solaire,0,29,0%,75.17
backcontact,0,29,0%,84.28
kit chauffe-eau solaire,0,29,0%,85.9
chauffe-eau thermodynamique solaire,0,29,0%,87.59
panneau solaire angle,0,29,0%,89.9
comment fonctionne des panneaux solaires,0,29,0%,92.69
régulateur panneau solaire,0,29,0%,93.45
cellule photovoltaïque,0,28,0%,2.11
grille tarifaire senelec 2023,0,28,0%,8.43
démontage pompe immergée,0,28,0%,14.36
comment amorcer une pompe de surface,0,28,0%,15.21
temperature congelation,0,28,0%,19.71
fonctionnement cellule photovoltaïque,0,28,0%,25.54
en combien de temps un frigo atteint sa température,0,28,0%,36.36
durée de vie d'une batterie solaire,0,28,0%,39.61
nettoyer pompe de relevage,0,28,0%,40.89
vitrerie dakar,0,28,0%,48.29
calculer son besoin en panneau solaire,0,28,0%,71.39
chauffe eau 300l solaire,0,28,0%,88.64
batterie neuve qui ne charge pas,0,27,0%,8.22
tarification woyofal,0,27,0%,10.96
installation pompage solaire,0,27,0%,11.19
role de l'onduleur photovoltaique,0,27,0%,12.04
installation pompe forage,0,27,0%,14.07
comparatif kit solaire,0,27,0%,67.96
régulateur victron,0,27,0%,68.19
batterie plug and play,0,27,0%,73.19
pompe puits,0,27,0%,85.33
température pour congeler les aliments,0,26,0%,10.35
température dans un congélateur,0,26,0%,58.88
pompe a eau panneau solaire,0,26,0%,66.27
batterie en parallèle,0,26,0%,71.62
refrigerateur solaire,0,26,0%,78.35
kit energie solaire autonome,0,26,0%,81.62
calcul panneau solaire,0,26,0%,86.35
calcul énergie solaire photovoltaïque,0,26,0%,92.08
puits solaire,0,25,0%,7.2
batterie voiture qui se decharge,0,25,0%,7.48
installation pompe immergée forage,0,25,0%,11.28
prix des onduleurs photovoltaiques,0,25,0%,21.52
combiné frigo congélateur 300 litres,0,25,0%,38.6
kit solaire autonome 1000w,0,25,0%,41.16
inclinaison des panneaux solaires,0,25,0%,44.64
réparer la pompe,0,25,0%,56.48
investir panneaux solaires,0,25,0%,85.88
batterie voiture qui se decharge sans raison,0,24,0%,7.46
comment reparer une pompe immergée,0,24,0%,9.42
réfrigérateur dakar,0,24,0%,29.21
pompe à eau panneau solaire,0,24,0%,37.08
pwm victron,0,24,0%,56.17
prix onduleur panneau photovoltaique,0,24,0%,61.42
quel est le rendement d'un panneau solaire,0,24,0%,63.33
comment dimensionner une pompe,0,24,0%,66.54
batterie domestique plug and play,0,24,0%,68.04
panneau solaire 300 watts,0,24,0%,75
pompe solaire arrosage,0,24,0%,76.54
calculer panneau solaire,0,24,0%,77.25
rendement des panneaux solaires,0,24,0%,78.79
pompe puit,0,24,0%,81.08
congélateur 300l,0,24,0%,87.71
tout savoir installation panneau solaire,0,24,0%,90.29
pompe submersible,0,23,0%,3.26
la température conseiller de congélation des aliments,0,23,0%,6.83
montage pompe immergée,0,23,0%,15.17
batterie défectueuse,0,23,0%,23
panneau solaire climatisation,0,23,0%,34.96
panneau solaire pour pompe à eau,0,23,0%,46.09
batterie neuve,0,23,0%,46.39
batterie pour panneau solaire plug and play,0,23,0%,69.52
meilleur angle panneau solaire,0,23,0%,85.74
sénégal énergie renouvelable,0,23,0%,90.78
systeme de pompage solaire photovoltaique,0,22,0%,11.95
régulateur solaire pwm,0,22,0%,20.77
avantage batterie lithium,0,22,0%,25.5
comment amorcer motopompe,0,22,0%,26.18
consommation congelateur 300l,0,22,0%,33.73
installation pompe puit de surface,0,22,0%,54.41
pompe pedrollo,0,22,0%,58.32
meilleur batterie pour panneau solaire,0,22,0%,72
panneau solaire pompe eau,0,22,0%,79.27
optimisation panneau solaire,0,22,0%,83.5
installation solaire rentable,0,22,0%,86.36
panneau solaire 300 w,0,22,0%,89.41
meilleure inclinaison panneau solaire,0,22,0%,90.91
pourquoi mon nouveau telephone se decharge vite,0,21,0%,2
orange energie sénégal,0,21,0%,6.81
panneaux photovoltaïques prix,0,21,0%,8.43
carte woyofal,0,21,0%,8.95
comment installer une pompe immergée dans un puit,0,21,0%,9.14
woyofal code,0,21,0%,9.48
amorcer pompe à eau,0,21,0%,11.62
comment amorcer une pompe à eau électrique,0,21,0%,14.81
pompe à eau sénégal,0,21,0%,14.81
prix motopompe sénégal,0,21,0%,18.67
congelateur dakar,0,21,0%,26.86
batterie defectueuse,0,21,0%,28
degré inclinaison panneau solaire,0,21,0%,40
réfrigérateur congélateur vertical,0,21,0%,46.52
comment savoir si une batterie à décharge lente est hs,0,21,0%,53.29
meilleur onduleur hybride,0,21,0%,58.38
comment savoir si une batterie de voiture est morte,0,21,0%,73.19
mesurer production panneau solaire,0,21,0%,82.9
investir panneau solaire,0,21,0%,92.57
batterie lithium solaire,0,21,0%,95.57
pompe a eau agricole,0,21,0%,96.81
batterie qui se décharge,0,20,0%,8.05
installation pompe eau retrofit,0,20,0%,8.6
ma batterie se décharge vite voiture,0,20,0%,9.7
comment fonctionne une pompe immergée,0,20,0%,11.95
pompe immergée installation,0,20,0%,12.1
comment savoir si ma batterie est morte,0,20,0%,28.6
cellule photovoltaique fonctionnement,0,20,0%,48.45
panneau plug and play avec batterie,0,20,0%,50.65
installation plug and play,0,20,0%,63.7
pompe à eau avec panneau solaire,0,20,0%,68.65
pompe puit immergée,0,20,0%,69.7
micro onduleur sma,0,20,0%,76.2
station solaire plug and play,0,20,0%,76.55
inclinaison panneau solaire hiver,0,20,0%,96.2
congélateur 200 litres prix dakar,0,19,0%,9.11
ma batterie voiture se décharge vite,0,19,0%,9.47
ensoleillement sénégal,0,19,0%,10.42
meilleur pompe de puit solaire,0,19,0%,16.05
pompe puits solaire,0,19,0%,23.74
batterie 12v 100ah panneau solaire,0,19,0%,27.42
quelle orientation panneau solaire,0,19,0%,51.32
installation panneau solaire plug and play,0,19,0%,66.32
pompes solaires pompe,0,19,0%,69.84
retour sur investissement panneau solaire,0,19,0%,72.47
est ce rentable d installer des panneaux photovoltaïques,0,19,0%,80.11
panneau solaire plug in,0,19,0%,86.95
comment fonctionne un semi conducteur,0,19,0%,92.63
tranche woyofal,0,18,0%,8.78
marque de pompe immergée,0,18,0%,11.06
prix d'un onduleur photovoltaique,0,18,0%,23.33
batterie déchargée ou morte,0,18,0%,46.83
climatiseur maison energy,0,18,0%,59.61
orientation panneau solaire est ou ouest,0,18,0%,71.33
panneau solaires plug and play,0,18,0%,74.17
quel inclinaison panneau solaire,0,18,0%,78
batteries solaires lithium,0,18,0%,96.72
panneau monocristallin rendement,0,18,0%,97.06
problème de lecture de l'outil de mesure de batterie,0,17,0%,7.59
comment connaitre le numero de compteur woyofal,0,17,0%,10.24
1 kwh en franc cfa 2023,0,17,0%,14.88
comment savoir si une batterie est déchargée ou morte ?,0,17,0%,23.59
amorcage pompe,0,17,0%,28.06
amorcer pompe,0,17,0%,28.76
comment fonctionne une cellule solaire,0,17,0%,31.59
cellule photovoltaïque fonctionnement,0,17,0%,49.18
refrigerateur congelateur 300 l,0,17,0%,49.47
rendement d'un panneau photovoltaïque,0,17,0%,57.41
regulateur de charge victron,0,17,0%,59.06
batterie solaire,0,17,0%,62.29
onduleur sma 6kw prix,0,17,0%,63.88
pompe a eau avec panneau solaire,0,17,0%,63.88
pompe sur panneau solaire,0,17,0%,80.76
inclinaison panneaux solaire,0,17,0%,81.53
panneaux photovoltaique plug and play,0,17,0%,82.24
pompe eau avec panneau solaire,0,17,0%,82.35
batterie pour panneau solaire prix,0,17,0%,84.41
plug and play solaire,0,17,0%,86.47
pompe de puit,0,17,0%,94.18
acheter onduleur photovoltaique,0,17,0%,95.59
chauffe eau solaire avantages inconvénients,0,17,0%,97.47
combien de temps peut on garder une batterie neuve,0,16,0%,2
problème de pompe à eau de puit,0,16,0%,2.44
pompe immergée grundfos,0,16,0%,5.06
compteur woyofal prix,0,16,0%,7.25
la batterie de la voiture se decharge,0,16,0%,7.88